Model Complexity,Bias,Variance,Total Error
1,999228.396872,70545.4891458,1069773.88602
2,954619.273794,125870.855549,1080490.12934
3,9389.73011679,150073.739546,159463.469663
4,10907.348134,212235.708326,223143.05646
5,9339.19428314,276388.480184,285727.674467
6,10248.586398,316863.497736,327112.084133
7,10335.2794411,357511.103478,367846.382919
8,10149.4951806,404289.174765,414438.669946
9,10715.8079055,459113.935504,469829.74341